"","tre","rep","day","Date","nut","temp","Class","density","nut_num","temp_num","log_density","treatNum"
"1","Full22C","1",0,"2019/11/11","Full","22C","Tetrahymena",37,1,22,3.63758615972639,"1"
"2","Full22C","2",0,"2019/11/11","Full","22C","Tetrahymena",37,1,22,3.63758615972639,"1"
"3","Full22C","3",0,"2019/11/11","Full","22C","Tetrahymena",37,1,22,3.63758615972639,"1"
"4","Full22C","4",0,"2019/11/11","Full","22C","Tetrahymena",37,1,22,3.63758615972639,"1"
"5","Full22C","5",0,"2019/11/11","Full","22C","Tetrahymena",37,1,22,3.63758615972639,"1"
"6","Full22C","6",0,"2019/11/11","Full","22C","Tetrahymena",37,1,22,3.63758615972639,"1"
"7","Full25C","1",0,"2019/11/11","Full","25C","Tetrahymena",37,1,25,3.63758615972639,"2"
"8","Full25C","2",0,"2019/11/11","Full","25C","Tetrahymena",37,1,25,3.63758615972639,"2"
"9","Full25C","3",0,"2019/11/11","Full","25C","Tetrahymena",37,1,25,3.63758615972639,"2"
"10","Full25C","4",0,"2019/11/11","Full","25C","Tetrahymena",37,1,25,3.63758615972639,"2"
"11","Full25C","5",0,"2019/11/11","Full","25C","Tetrahymena",37,1,25,3.63758615972639,"2"
"12","Full25C","6",0,"2019/11/11","Full","25C","Tetrahymena",37,1,25,3.63758615972639,"2"
"13","Half22C","1",0,"2019/11/11","Half","22C","Tetrahymena",37,0.5,22,3.63758615972639,"3"
"14","Half22C","2",0,"2019/11/11","Half","22C","Tetrahymena",37,0.5,22,3.63758615972639,"3"
"15","Half22C","3",0,"2019/11/11","Half","22C","Tetrahymena",37,0.5,22,3.63758615972639,"3"
"16","Half22C","4",0,"2019/11/11","Half","22C","Tetrahymena",37,0.5,22,3.63758615972639,"3"
"17","Half22C","5",0,"2019/11/11","Half","22C","Tetrahymena",37,0.5,22,3.63758615972639,"3"
"18","Half22C","6",0,"2019/11/11","Half","22C","Tetrahymena",37,0.5,22,3.63758615972639,"3"
"19","Half25C","1",0,"2019/11/11","Half","25C","Tetrahymena",37,0.5,25,3.63758615972639,"4"
"20","Half25C","2",0,"2019/11/11","Half","25C","Tetrahymena",37,0.5,25,3.63758615972639,"4"
"21","Half25C","3",0,"2019/11/11","Half","25C","Tetrahymena",37,0.5,25,3.63758615972639,"4"
"22","Half25C","4",0,"2019/11/11","Half","25C","Tetrahymena",37,0.5,25,3.63758615972639,"4"
"23","Half25C","5",0,"2019/11/11","Half","25C","Tetrahymena",37,0.5,25,3.63758615972639,"4"
"24","Half25C","6",0,"2019/11/11","Half","25C","Tetrahymena",37,0.5,25,3.63758615972639,"4"
"25","Full22C","1",1,"2019/11/12","Full","22C","Tetrahymena",592,1,22,6.38519439899773,"1"
"26","Full22C","2",1,"2019/11/12","Full","22C","Tetrahymena",502,1,22,6.22059017009974,"1"
"27","Full22C","3",1,"2019/11/12","Full","22C","Tetrahymena",839,1,22,6.73340189183736,"1"
"28","Full22C","4",1,"2019/11/12","Full","22C","Tetrahymena",535,1,22,6.2841341610708,"1"
"29","Full22C","5",1,"2019/11/12","Full","22C","Tetrahymena",623,1,22,6.43615036836943,"1"
"30","Full22C","6",1,"2019/11/12","Full","22C","Tetrahymena",598,1,22,6.39526159811545,"1"
"31","Full25C","1",1,"2019/11/12","Full","25C","Tetrahymena",603,1,25,6.40357419793482,"2"
"32","Full25C","2",1,"2019/11/12","Full","25C","Tetrahymena",745,1,25,6.61472560020376,"2"
"33","Full25C","3",1,"2019/11/12","Full","25C","Tetrahymena",913,1,25,6.81783057145415,"2"
"34","Full25C","4",1,"2019/11/12","Full","25C","Tetrahymena",1151,1,25,7.04925484125584,"2"
"35","Full25C","5",1,"2019/11/12","Full","25C","Tetrahymena",802,1,25,6.68835471394676,"2"
"36","Full25C","6",1,"2019/11/12","Full","25C","Tetrahymena",1142,1,25,7.04141166379481,"2"
"37","Half22C","1",1,"2019/11/12","Half","22C","Tetrahymena",544,0.5,22,6.30078579466324,"3"
"38","Half22C","2",1,"2019/11/12","Half","22C","Tetrahymena",466,0.5,22,6.1463292576689,"3"
"39","Half22C","3",1,"2019/11/12","Half","22C","Tetrahymena",479,0.5,22,6.17378610390194,"3"
"40","Half22C","4",1,"2019/11/12","Half","22C","Tetrahymena",593,0.5,22,6.38687931936265,"3"
"41","Half22C","5",1,"2019/11/12","Half","22C","Tetrahymena",532,0.5,22,6.27852142416584,"3"
"42","Half22C","6",1,"2019/11/12","Half","22C","Tetrahymena",709,0.5,22,6.56526497003536,"3"
"43","Half25C","1",1,"2019/11/12","Half","25C","Tetrahymena",943,0.5,25,6.8501261661455,"4"
"44","Half25C","2",1,"2019/11/12","Half","25C","Tetrahymena",1092,0.5,25,6.99668148817654,"4"
"45","Half25C","3",1,"2019/11/12","Half","25C","Tetrahymena",1001,0.5,25,6.90975328164481,"4"
"46","Half25C","4",1,"2019/11/12","Half","25C","Tetrahymena",972,0.5,25,6.880384082186,"4"
"47","Half25C","5",1,"2019/11/12","Half","25C","Tetrahymena",1138,0.5,25,7.03790596344718,"4"
"48","Half25C","6",1,"2019/11/12","Half","25C","Tetrahymena",1108,0.5,25,7.01121398735037,"4"
"49","Full22C","1",2,"2019/11/13","Full","22C","Tetrahymena",2536,1,22,7.83873755959928,"1"
"50","Full22C","2",2,"2019/11/13","Full","22C","Tetrahymena",2569,1,22,7.85166117788927,"1"
"51","Full22C","3",2,"2019/11/13","Full","22C","Tetrahymena",2225,1,22,7.70796153183549,"1"
"52","Full22C","4",2,"2019/11/13","Full","22C","Tetrahymena",2587,1,22,7.85864065562079,"1"
"53","Full22C","5",2,"2019/11/13","Full","22C","Tetrahymena",5983,1,22,8.69684451965431,"1"
"54","Full22C","6",2,"2019/11/13","Full","22C","Tetrahymena",3785,1,22,8.23906533176927,"1"
"55","Full25C","1",2,"2019/11/13","Full","25C","Tetrahymena",3707,1,25,8.21824792668574,"2"
"56","Full25C","2",2,"2019/11/13","Full","25C","Tetrahymena",4568,1,25,8.42704964156327,"2"
"57","Full25C","3",2,"2019/11/13","Full","25C","Tetrahymena",3922,1,25,8.27461194620955,"2"
"58","Full25C","4",2,"2019/11/13","Full","25C","Tetrahymena",5005,1,25,8.51839247199172,"2"
"59","Full25C","5",2,"2019/11/13","Full","25C","Tetrahymena",3649,1,25,8.20248244657654,"2"
"60","Full25C","6",2,"2019/11/13","Full","25C","Tetrahymena",3834,1,25,8.25192471380136,"2"
"61","Half22C","1",2,"2019/11/13","Half","22C","Tetrahymena",2398,0.5,22,7.78280726283969,"3"
"62","Half22C","2",2,"2019/11/13","Half","22C","Tetrahymena",4120,0.5,22,8.32385113133882,"3"
"63","Half22C","3",2,"2019/11/13","Half","22C","Tetrahymena",2470,0.5,22,7.81237820598861,"3"
"64","Half22C","4",2,"2019/11/13","Half","22C","Tetrahymena",2822,0.5,22,7.94555542825349,"3"
"65","Half22C","5",2,"2019/11/13","Half","22C","Tetrahymena",4633,0.5,22,8.44117570499232,"3"
"66","Half22C","6",2,"2019/11/13","Half","22C","Tetrahymena",3609,0.5,22,8.19146305132693,"3"
"67","Half25C","1",2,"2019/11/13","Half","25C","Tetrahymena",3374,0.5,25,8.12415060330663,"4"
"68","Half25C","2",2,"2019/11/13","Half","25C","Tetrahymena",3889,0.5,25,8.26616443661249,"4"
"69","Half25C","3",2,"2019/11/13","Half","25C","Tetrahymena",3305,0.5,25,8.10349427838097,"4"
"70","Half25C","4",2,"2019/11/13","Half","25C","Tetrahymena",3204,0.5,25,8.07246736935477,"4"
"71","Half25C","5",2,"2019/11/13","Half","25C","Tetrahymena",2523,0.5,25,7.8336002236611,"4"
"72","Half25C","6",2,"2019/11/13","Half","25C","Tetrahymena",3138,0.5,25,8.05165955684195,"4"
"73","Full22C","1",3,"2019/11/14","Full","22C","Tetrahymena",4841,1,22,8.485083137498,"1"
"74","Full22C","2",3,"2019/11/14","Full","22C","Tetrahymena",4081,1,22,8.31434234336979,"1"
"75","Full22C","3",3,"2019/11/14","Full","22C","Tetrahymena",1632,1,22,7.39817409297047,"1"
"76","Full22C","4",3,"2019/11/14","Full","22C","Tetrahymena",5107,1,22,8.53856321715243,"1"
"77","Full22C","5",3,"2019/11/14","Full","22C","Tetrahymena",4884,1,22,8.49392456447688,"1"
"78","Full22C","6",3,"2019/11/14","Full","22C","Tetrahymena",4303,1,22,8.36730010184162,"1"
"79","Full25C","1",3,"2019/11/14","Full","25C","Tetrahymena",3185,1,25,8.06652149046999,"2"
"80","Full25C","2",3,"2019/11/14","Full","25C","Tetrahymena",6396,1,25,8.76358440945014,"2"
"81","Full25C","3",3,"2019/11/14","Full","25C","Tetrahymena",5863,1,25,8.67658724356649,"2"
"82","Full25C","4",3,"2019/11/14","Full","25C","Tetrahymena",5342,1,25,8.58354257195777,"2"
"83","Full25C","5",3,"2019/11/14","Full","25C","Tetrahymena",4995,1,25,8.51639287124547,"2"
"84","Full25C","6",3,"2019/11/14","Full","25C","Tetrahymena",5131,1,25,8.54325072573553,"2"
"85","Half22C","1",3,"2019/11/14","Half","22C","Tetrahymena",6984,0.5,22,8.85152027169106,"3"
"86","Half22C","2",3,"2019/11/14","Half","22C","Tetrahymena",5170,0.5,22,8.55082137239622,"3"
"87","Half22C","3",3,"2019/11/14","Half","22C","Tetrahymena",5160,0.5,22,8.54888563814873,"3"
"88","Half22C","4",3,"2019/11/14","Half","22C","Tetrahymena",4947,0.5,22,8.50673873351238,"3"
"89","Half22C","5",3,"2019/11/14","Half","22C","Tetrahymena",4941,0.5,22,8.50552538654856,"3"
"90","Half22C","6",3,"2019/11/14","Half","22C","Tetrahymena",4461,0.5,22,8.40335237499248,"3"
"91","Half25C","1",3,"2019/11/14","Half","25C","Tetrahymena",4099,0.5,25,8.3187422526924,"4"
"92","Half25C","2",3,"2019/11/14","Half","25C","Tetrahymena",5512,0.5,25,8.61486421858968,"4"
"93","Half25C","3",3,"2019/11/14","Half","25C","Tetrahymena",5079,0.5,25,8.53306654057253,"4"
"94","Half25C","4",3,"2019/11/14","Half","25C","Tetrahymena",4369,0.5,25,8.38251828808963,"4"
"95","Half25C","5",3,"2019/11/14","Half","25C","Tetrahymena",4428,0.5,25,8.3959291039232,"4"
"96","Half25C","6",3,"2019/11/14","Half","25C","Tetrahymena",4408,0.5,25,8.39140318535794,"4"
"97","Full22C","1",4,"2019/11/15","Full","22C","Tetrahymena",6195,1,22,8.73165920153676,"1"
"98","Full22C","2",4,"2019/11/15","Full","22C","Tetrahymena",6354,1,22,8.75699718362355,"1"
"99","Full22C","3",4,"2019/11/15","Full","22C","Tetrahymena",7465,1,22,8.91811465947453,"1"
"100","Full22C","4",4,"2019/11/15","Full","22C","Tetrahymena",6966,1,22,8.84893999503012,"1"
"101","Full22C","5",4,"2019/11/15","Full","22C","Tetrahymena",6663,1,22,8.80447518384668,"1"
"102","Full22C","6",4,"2019/11/15","Full","22C","Tetrahymena",6733,1,22,8.81492459972102,"1"
"103","Full25C","1",4,"2019/11/15","Full","25C","Tetrahymena",8329,1,25,9.02761873516089,"2"
"104","Full25C","2",4,"2019/11/15","Full","25C","Tetrahymena",7676,1,25,8.9459841248279,"2"
"105","Full25C","3",4,"2019/11/15","Full","25C","Tetrahymena",7506,1,25,8.923591197573,"2"
"106","Full25C","4",4,"2019/11/15","Full","25C","Tetrahymena",7954,1,25,8.98155594077189,"2"
"107","Full25C","5",4,"2019/11/15","Full","25C","Tetrahymena",6348,1,25,8.75605259917045,"2"
"108","Full25C","6",4,"2019/11/15","Full","25C","Tetrahymena",5871,1,25,8.67795057029435,"2"
"109","Half22C","1",4,"2019/11/15","Half","22C","Tetrahymena",5520,0.5,22,8.61631428228404,"3"
"110","Half22C","2",4,"2019/11/15","Half","22C","Tetrahymena",5201,0.5,22,8.5567984460086,"3"
"111","Half22C","3",4,"2019/11/15","Half","22C","Tetrahymena",5462,0.5,22,8.60575336839572,"3"
"112","Half22C","4",4,"2019/11/15","Half","22C","Tetrahymena",6055,0.5,22,8.70880479511728,"3"
"113","Half22C","5",4,"2019/11/15","Half","22C","Tetrahymena",5848,0.5,22,8.67402598544303,"3"
"114","Half22C","6",4,"2019/11/15","Half","22C","Tetrahymena",6277,0.5,22,8.7448067374019,"3"
"115","Half25C","1",4,"2019/11/15","Half","25C","Tetrahymena",5045,0.5,25,8.526351129201,"4"
"116","Half25C","2",4,"2019/11/15","Half","25C","Tetrahymena",5654,0.5,25,8.64029538855022,"4"
"117","Half25C","3",4,"2019/11/15","Half","25C","Tetrahymena",4789,0.5,25,8.47428569040496,"4"
"118","Half25C","4",4,"2019/11/15","Half","25C","Tetrahymena",3986,0.5,25,8.29079434738136,"4"
"119","Half25C","5",4,"2019/11/15","Half","25C","Tetrahymena",4300,0.5,25,8.36660283278374,"4"
"120","Half25C","6",4,"2019/11/15","Half","25C","Tetrahymena",4737,0.5,25,8.46337038471873,"4"
"121","Full22C","1",7,"2019/11/18","Full","22C","Tetrahymena",5638,1,22,8.63746202380718,"1"
"122","Full22C","2",7,"2019/11/18","Full","22C","Tetrahymena",7439,1,22,8.91462612782714,"1"
"123","Full22C","3",7,"2019/11/18","Full","22C","Tetrahymena",7468,1,22,8.91851640035707,"1"
"124","Full22C","4",7,"2019/11/18","Full","22C","Tetrahymena",5706,1,22,8.64944877053671,"1"
"125","Full22C","5",7,"2019/11/18","Full","22C","Tetrahymena",4934,1,22,8.50410795186758,"1"
"126","Full22C","6",7,"2019/11/18","Full","22C","Tetrahymena",7134,1,22,8.87276752991094,"1"
"127","Full25C","1",7,"2019/11/18","Full","25C","Tetrahymena",2238,1,25,7.71378461659875,"2"
"128","Full25C","2",7,"2019/11/18","Full","25C","Tetrahymena",3132,1,25,8.04974629095219,"2"
"129","Full25C","3",7,"2019/11/18","Full","25C","Tetrahymena",33,1,25,3.52636052461616,"2"
"130","Full25C","4",7,"2019/11/18","Full","25C","Tetrahymena",21,1,25,3.09104245335832,"2"
"131","Full25C","5",7,"2019/11/18","Full","25C","Tetrahymena",174,1,25,5.16478597392351,"2"
"132","Full25C","6",7,"2019/11/18","Full","25C","Tetrahymena",124,1,25,4.8283137373023,"2"
"133","Half22C","1",7,"2019/11/18","Half","22C","Tetrahymena",1513,0.5,22,7.32251043399739,"3"
"134","Half22C","2",7,"2019/11/18","Half","22C","Tetrahymena",4709,0.5,22,8.45744318701046,"3"
"135","Half22C","3",7,"2019/11/18","Half","22C","Tetrahymena",2529,0.5,22,7.83597458172157,"3"
"136","Half22C","4",7,"2019/11/18","Half","22C","Tetrahymena",2276,0.5,22,7.73061406606374,"3"
"137","Half22C","5",7,"2019/11/18","Half","22C","Tetrahymena",3457,0.5,22,8.14844566624324,"3"
"138","Half22C","6",7,"2019/11/18","Half","22C","Tetrahymena",3277,0.5,22,8.09498875930377,"3"
"139","Half25C","1",7,"2019/11/18","Half","25C","Tetrahymena",15,0.5,25,2.77258872223978,"4"
"140","Half25C","2",7,"2019/11/18","Half","25C","Tetrahymena",27,0.5,25,3.3322045101752,"4"
"141","Half25C","3",7,"2019/11/18","Half","25C","Tetrahymena",30,0.5,25,3.43398720448515,"4"
"142","Half25C","4",7,"2019/11/18","Half","25C","Tetrahymena",14,0.5,25,2.70805020110221,"4"
"143","Half25C","5",7,"2019/11/18","Half","25C","Tetrahymena",4.68,0.5,25,1.73695123273306,"4"
"144","Half25C","6",7,"2019/11/18","Half","25C","Tetrahymena",0,0.5,25,0,"4"
"145","Full22C","1",8,"2019/11/19","Full","22C","Tetrahymena",3236,1,22,8.08240225392624,"1"
"146","Full22C","2",8,"2019/11/19","Full","22C","Tetrahymena",5702,1,22,8.64874763115654,"1"
"147","Full22C","3",8,"2019/11/19","Full","22C","Tetrahymena",4279,1,22,8.36170828857584,"1"
"148","Full22C","4",8,"2019/11/19","Full","22C","Tetrahymena",1988,1,22,7.59538727885397,"1"
"149","Full22C","5",8,"2019/11/19","Full","22C","Tetrahymena",1007,1,22,6.91572344863131,"1"
"150","Full22C","6",8,"2019/11/19","Full","22C","Tetrahymena",4855,1,22,8.48797033273933,"1"
"151","Full25C","1",8,"2019/11/19","Full","25C","Tetrahymena",3.13,1,25,1.41827740697294,"2"
"152","Full25C","2",8,"2019/11/19","Full","25C","Tetrahymena",13,1,25,2.63905732961526,"2"
"153","Full25C","3",8,"2019/11/19","Full","25C","Tetrahymena",0,1,25,0,"2"
"154","Full25C","4",8,"2019/11/19","Full","25C","Tetrahymena",0,1,25,0,"2"
"155","Full25C","5",8,"2019/11/19","Full","25C","Tetrahymena",0,1,25,0,"2"
"156","Full25C","6",8,"2019/11/19","Full","25C","Tetrahymena",3.12,1,25,1.41585316336144,"2"
"157","Half22C","1",8,"2019/11/19","Half","22C","Tetrahymena",83,0.5,22,4.43081679884331,"3"
"158","Half22C","2",8,"2019/11/19","Half","22C","Tetrahymena",2704,0.5,22,7.90285719128058,"3"
"159","Half22C","3",8,"2019/11/19","Half","22C","Tetrahymena",113,0.5,22,4.7361984483945,"3"
"160","Half22C","4",8,"2019/11/19","Half","22C","Tetrahymena",44,0.5,22,3.80666248977032,"3"
"161","Half22C","5",8,"2019/11/19","Half","22C","Tetrahymena",346,0.5,22,5.84932477994686,"3"
"162","Half22C","6",8,"2019/11/19","Half","22C","Tetrahymena",141,0.5,22,4.95582705760126,"3"
"163","Half25C","1",8,"2019/11/19","Half","25C","Tetrahymena",0,0.5,25,0,"4"
"164","Half25C","2",8,"2019/11/19","Half","25C","Tetrahymena",1.56,0.5,25,0.940007258491471,"4"
"165","Half25C","3",8,"2019/11/19","Half","25C","Tetrahymena",0,0.5,25,0,"4"
"166","Half25C","4",8,"2019/11/19","Half","25C","Tetrahymena",0,0.5,25,0,"4"
"167","Half25C","5",8,"2019/11/19","Half","25C","Tetrahymena",0,0.5,25,0,"4"
"168","Half25C","6",8,"2019/11/19","Half","25C","Tetrahymena",0,0.5,25,0,"4"
"169","Full22C","1",9,"2019/11/20","Full","22C","Tetrahymena",42,1,22,3.76120011569356,"1"
"170","Full22C","2",9,"2019/11/20","Full","22C","Tetrahymena",1009,1,22,6.9177056098353,"1"
"171","Full22C","3",9,"2019/11/20","Full","22C","Tetrahymena",213,1,22,5.36597601502185,"1"
"172","Full22C","4",9,"2019/11/20","Full","22C","Tetrahymena",1.58,1,22,0.947789398933526,"1"
"173","Full22C","5",9,"2019/11/20","Full","22C","Tetrahymena",6.32,1,22,1.99061032797322,"1"
"174","Full22C","6",9,"2019/11/20","Full","22C","Tetrahymena",1116,1,22,7.0184017990692,"1"
"175","Full25C","1",9,"2019/11/20","Full","25C","Tetrahymena",0,1,25,0,"2"
"176","Full25C","2",9,"2019/11/20","Full","25C","Tetrahymena",0,1,25,0,"2"
"177","Full25C","3",9,"2019/11/20","Full","25C","Tetrahymena",0,1,25,0,"2"
"178","Full25C","4",9,"2019/11/20","Full","25C","Tetrahymena",0,1,25,0,"2"
"179","Full25C","5",9,"2019/11/20","Full","25C","Tetrahymena",0,1,25,0,"2"
"180","Full25C","6",9,"2019/11/20","Full","25C","Tetrahymena",0,1,25,0,"2"
"181","Half22C","1",9,"2019/11/20","Half","22C","Tetrahymena",7.82,0.5,22,2.1770218700187,"3"
"182","Half22C","2",9,"2019/11/20","Half","22C","Tetrahymena",301,0.5,22,5.71042701737487,"3"
"183","Half22C","3",9,"2019/11/20","Half","22C","Tetrahymena",9.4,0.5,22,2.34180580614733,"3"
"184","Half22C","4",9,"2019/11/20","Half","22C","Tetrahymena",3.12,0.5,22,1.41585316336144,"3"
"185","Half22C","5",9,"2019/11/20","Half","22C","Tetrahymena",1.58,0.5,22,0.947789398933526,"3"
"186","Half22C","6",9,"2019/11/20","Half","22C","Tetrahymena",9.38,0.5,22,2.33988087773774,"3"
"187","Half25C","1",9,"2019/11/20","Half","25C","Tetrahymena",0,0.5,25,0,"4"
"188","Half25C","2",9,"2019/11/20","Half","25C","Tetrahymena",1.56,0.5,25,0.940007258491471,"4"
"189","Half25C","3",9,"2019/11/20","Half","25C","Tetrahymena",0,0.5,25,0,"4"
"190","Half25C","4",9,"2019/11/20","Half","25C","Tetrahymena",0,0.5,25,0,"4"
"191","Half25C","5",9,"2019/11/20","Half","25C","Tetrahymena",0,0.5,25,0,"4"
"192","Half25C","6",9,"2019/11/20","Half","25C","Tetrahymena",1.56,0.5,25,0.940007258491471,"4"
"193","Full22C","1",10,"2019/11/21","Full","22C","Tetrahymena",0,1,22,0,"1"
"194","Full22C","2",10,"2019/11/21","Full","22C","Tetrahymena",17,1,22,2.89037175789616,"1"
"195","Full22C","3",10,"2019/11/21","Full","22C","Tetrahymena",11,1,22,2.484906649788,"1"
"196","Full22C","4",10,"2019/11/21","Full","22C","Tetrahymena",0,1,22,0,"1"
"197","Full22C","5",10,"2019/11/21","Full","22C","Tetrahymena",0,1,22,0,"1"
"198","Full22C","6",10,"2019/11/21","Full","22C","Tetrahymena",1972,1,22,7.58731050602262,"1"
"199","Full25C","1",10,"2019/11/21","Full","25C","Tetrahymena",0,1,25,0,"2"
"200","Full25C","2",10,"2019/11/21","Full","25C","Tetrahymena",0,1,25,0,"2"
"201","Full25C","3",10,"2019/11/21","Full","25C","Tetrahymena",0,1,25,0,"2"
"202","Full25C","4",10,"2019/11/21","Full","25C","Tetrahymena",0,1,25,0,"2"
"203","Full25C","5",10,"2019/11/21","Full","25C","Tetrahymena",0,1,25,0,"2"
"204","Full25C","6",10,"2019/11/21","Full","25C","Tetrahymena",0,1,25,0,"2"
"205","Half22C","1",10,"2019/11/21","Half","22C","Tetrahymena",6.26,0.5,22,1.9823798288367,"3"
"206","Half22C","2",10,"2019/11/21","Half","22C","Tetrahymena",53,0.5,22,3.98898404656427,"3"
"207","Half22C","3",10,"2019/11/21","Half","22C","Tetrahymena",3.12,0.5,22,1.41585316336144,"3"
"208","Half22C","4",10,"2019/11/21","Half","22C","Tetrahymena",0,0.5,22,0,"3"
"209","Half22C","5",10,"2019/11/21","Half","22C","Tetrahymena",0,0.5,22,0,"3"
"210","Half22C","6",10,"2019/11/21","Half","22C","Tetrahymena",1.56,0.5,22,0.940007258491471,"3"
"211","Half25C","1",10,"2019/11/21","Half","25C","Tetrahymena",0,0.5,25,0,"4"
"212","Half25C","2",10,"2019/11/21","Half","25C","Tetrahymena",0,0.5,25,0,"4"
"213","Half25C","3",10,"2019/11/21","Half","25C","Tetrahymena",0,0.5,25,0,"4"
"214","Half25C","4",10,"2019/11/21","Half","25C","Tetrahymena",0,0.5,25,0,"4"
"215","Half25C","5",10,"2019/11/21","Half","25C","Tetrahymena",0,0.5,25,0,"4"
"216","Half25C","6",10,"2019/11/21","Half","25C","Tetrahymena",0,0.5,25,0,"4"
"217","Full22C","1",11,"2019/11/22","Full","22C","Tetrahymena",0,1,22,0,"1"
"218","Full22C","2",11,"2019/11/22","Full","22C","Tetrahymena",0,1,22,0,"1"
"219","Full22C","3",11,"2019/11/22","Full","22C","Tetrahymena",1.56,1,22,0.940007258491471,"1"
"220","Full22C","4",11,"2019/11/22","Full","22C","Tetrahymena",0,1,22,0,"1"
"221","Full22C","5",11,"2019/11/22","Full","22C","Tetrahymena",0,1,22,0,"1"
"222","Full22C","6",11,"2019/11/22","Full","22C","Tetrahymena",1.56,1,22,0.940007258491471,"1"
"223","Full25C","1",11,"2019/11/22","Full","25C","Tetrahymena",0,1,25,0,"2"
"224","Full25C","2",11,"2019/11/22","Full","25C","Tetrahymena",0,1,25,0,"2"
"225","Full25C","3",11,"2019/11/22","Full","25C","Tetrahymena",0,1,25,0,"2"
"226","Full25C","4",11,"2019/11/22","Full","25C","Tetrahymena",0,1,25,0,"2"
"227","Full25C","5",11,"2019/11/22","Full","25C","Tetrahymena",0,1,25,0,"2"
"228","Full25C","6",11,"2019/11/22","Full","25C","Tetrahymena",0,1,25,0,"2"
"229","Half22C","1",11,"2019/11/22","Half","22C","Tetrahymena",0,0.5,22,0,"3"
"230","Half22C","2",11,"2019/11/22","Half","22C","Tetrahymena",11,0.5,22,2.484906649788,"3"
"231","Half22C","3",11,"2019/11/22","Half","22C","Tetrahymena",0,0.5,22,0,"3"
"232","Half22C","4",11,"2019/11/22","Half","22C","Tetrahymena",1.56,0.5,22,0.940007258491471,"3"
"233","Half22C","5",11,"2019/11/22","Half","22C","Tetrahymena",0,0.5,22,0,"3"
"234","Half22C","6",11,"2019/11/22","Half","22C","Tetrahymena",0,0.5,22,0,"3"
"235","Half25C","1",11,"2019/11/22","Half","25C","Tetrahymena",0,0.5,25,0,"4"
"236","Half25C","2",11,"2019/11/22","Half","25C","Tetrahymena",0,0.5,25,0,"4"
"237","Half25C","3",11,"2019/11/22","Half","25C","Tetrahymena",0,0.5,25,0,"4"
"238","Half25C","4",11,"2019/11/22","Half","25C","Tetrahymena",0,0.5,25,0,"4"
"239","Half25C","5",11,"2019/11/22","Half","25C","Tetrahymena",0,0.5,25,0,"4"
"240","Half25C","6",11,"2019/11/22","Half","25C","Tetrahymena",0,0.5,25,0,"4"
"241","Full22C","1",14,"2019/11/25","Full","22C","Tetrahymena",0,1,22,0,"1"
"242","Full22C","2",14,"2019/11/25","Full","22C","Tetrahymena",0,1,22,0,"1"
"243","Full22C","3",14,"2019/11/25","Full","22C","Tetrahymena",0,1,22,0,"1"
"244","Full22C","4",14,"2019/11/25","Full","22C","Tetrahymena",0,1,22,0,"1"
"245","Full22C","5",14,"2019/11/25","Full","22C","Tetrahymena",0,1,22,0,"1"
"246","Full22C","6",14,"2019/11/25","Full","22C","Tetrahymena",0,1,22,0,"1"
"247","Full25C","1",14,"2019/11/25","Full","25C","Tetrahymena",0,1,25,0,"2"
"248","Full25C","2",14,"2019/11/25","Full","25C","Tetrahymena",0,1,25,0,"2"
"249","Full25C","3",14,"2019/11/25","Full","25C","Tetrahymena",0,1,25,0,"2"
"250","Full25C","4",14,"2019/11/25","Full","25C","Tetrahymena",0,1,25,0,"2"
"251","Full25C","5",14,"2019/11/25","Full","25C","Tetrahymena",0,1,25,0,"2"
"252","Full25C","6",14,"2019/11/25","Full","25C","Tetrahymena",0,1,25,0,"2"
"253","Half22C","1",14,"2019/11/25","Half","22C","Tetrahymena",0,0.5,22,0,"3"
"254","Half22C","2",14,"2019/11/25","Half","22C","Tetrahymena",1.56,0.5,22,0.940007258491471,"3"
"255","Half22C","3",14,"2019/11/25","Half","22C","Tetrahymena",0,0.5,22,0,"3"
"256","Half22C","4",14,"2019/11/25","Half","22C","Tetrahymena",0,0.5,22,0,"3"
"257","Half22C","5",14,"2019/11/25","Half","22C","Tetrahymena",0,0.5,22,0,"3"
"258","Half22C","6",14,"2019/11/25","Half","22C","Tetrahymena",0,0.5,22,0,"3"
"259","Half25C","1",14,"2019/11/25","Half","25C","Tetrahymena",0,0.5,25,0,"4"
"260","Half25C","2",14,"2019/11/25","Half","25C","Tetrahymena",0,0.5,25,0,"4"
"261","Half25C","3",14,"2019/11/25","Half","25C","Tetrahymena",0,0.5,25,0,"4"
"262","Half25C","4",14,"2019/11/25","Half","25C","Tetrahymena",0,0.5,25,0,"4"
"263","Half25C","5",14,"2019/11/25","Half","25C","Tetrahymena",0,0.5,25,0,"4"
"264","Half25C","6",14,"2019/11/25","Half","25C","Tetrahymena",0,0.5,25,0,"4"
"265","Full22C","1",15,"2019/11/26","Full","22C","Tetrahymena",0,1,22,0,"1"
"266","Full22C","2",15,"2019/11/26","Full","22C","Tetrahymena",0,1,22,0,"1"
"267","Full22C","3",15,"2019/11/26","Full","22C","Tetrahymena",0,1,22,0,"1"
"268","Full22C","4",15,"2019/11/26","Full","22C","Tetrahymena",0,1,22,0,"1"
"269","Full22C","5",15,"2019/11/26","Full","22C","Tetrahymena",0,1,22,0,"1"
"270","Full22C","6",15,"2019/11/26","Full","22C","Tetrahymena",0,1,22,0,"1"
"271","Full25C","1",15,"2019/11/26","Full","25C","Tetrahymena",0,1,25,0,"2"
"272","Full25C","2",15,"2019/11/26","Full","25C","Tetrahymena",1.56,1,25,0.940007258491471,"2"
"273","Full25C","3",15,"2019/11/26","Full","25C","Tetrahymena",0,1,25,0,"2"
"274","Full25C","4",15,"2019/11/26","Full","25C","Tetrahymena",0,1,25,0,"2"
"275","Full25C","5",15,"2019/11/26","Full","25C","Tetrahymena",0,1,25,0,"2"
"276","Full25C","6",15,"2019/11/26","Full","25C","Tetrahymena",0,1,25,0,"2"
"277","Half22C","1",15,"2019/11/26","Half","22C","Tetrahymena",0,0.5,22,0,"3"
"278","Half22C","2",15,"2019/11/26","Half","22C","Tetrahymena",1.56,0.5,22,0.940007258491471,"3"
"279","Half22C","3",15,"2019/11/26","Half","22C","Tetrahymena",0,0.5,22,0,"3"
"280","Half22C","4",15,"2019/11/26","Half","22C","Tetrahymena",0,0.5,22,0,"3"
"281","Half22C","5",15,"2019/11/26","Half","22C","Tetrahymena",0,0.5,22,0,"3"
"282","Half22C","6",15,"2019/11/26","Half","22C","Tetrahymena",0,0.5,22,0,"3"
"283","Half25C","1",15,"2019/11/26","Half","25C","Tetrahymena",0,0.5,25,0,"4"
"284","Half25C","2",15,"2019/11/26","Half","25C","Tetrahymena",0,0.5,25,0,"4"
"285","Half25C","3",15,"2019/11/26","Half","25C","Tetrahymena",0,0.5,25,0,"4"
"286","Half25C","4",15,"2019/11/26","Half","25C","Tetrahymena",0,0.5,25,0,"4"
"287","Half25C","5",15,"2019/11/26","Half","25C","Tetrahymena",0,0.5,25,0,"4"
"288","Half25C","6",15,"2019/11/26","Half","25C","Tetrahymena",0,0.5,25,0,"4"
"289","Full22C","1",0,"2019/11/11","Full","22C","Euplotes",0.24,1,22,0.215111379616945,"1"
"290","Full22C","2",0,"2019/11/11","Full","22C","Euplotes",0.24,1,22,0.215111379616945,"1"
"291","Full22C","3",0,"2019/11/11","Full","22C","Euplotes",0.24,1,22,0.215111379616945,"1"
"292","Full22C","4",0,"2019/11/11","Full","22C","Euplotes",0.24,1,22,0.215111379616945,"1"
"293","Full22C","5",0,"2019/11/11","Full","22C","Euplotes",0.24,1,22,0.215111379616945,"1"
"294","Full22C","6",0,"2019/11/11","Full","22C","Euplotes",0.24,1,22,0.215111379616945,"1"
"295","Full25C","1",0,"2019/11/11","Full","25C","Euplotes",0.24,1,25,0.215111379616945,"2"
"296","Full25C","2",0,"2019/11/11","Full","25C","Euplotes",0.24,1,25,0.215111379616945,"2"
"297","Full25C","3",0,"2019/11/11","Full","25C","Euplotes",0.24,1,25,0.215111379616945,"2"
"298","Full25C","4",0,"2019/11/11","Full","25C","Euplotes",0.24,1,25,0.215111379616945,"2"
"299","Full25C","5",0,"2019/11/11","Full","25C","Euplotes",0.24,1,25,0.215111379616945,"2"
"300","Full25C","6",0,"2019/11/11","Full","25C","Euplotes",0.24,1,25,0.215111379616945,"2"
"301","Half22C","1",0,"2019/11/11","Half","22C","Euplotes",0.24,0.5,22,0.215111379616945,"3"
"302","Half22C","2",0,"2019/11/11","Half","22C","Euplotes",0.24,0.5,22,0.215111379616945,"3"
"303","Half22C","3",0,"2019/11/11","Half","22C","Euplotes",0.24,0.5,22,0.215111379616945,"3"
"304","Half22C","4",0,"2019/11/11","Half","22C","Euplotes",0.24,0.5,22,0.215111379616945,"3"
"305","Half22C","5",0,"2019/11/11","Half","22C","Euplotes",0.24,0.5,22,0.215111379616945,"3"
"306","Half22C","6",0,"2019/11/11","Half","22C","Euplotes",0.24,0.5,22,0.215111379616945,"3"
"307","Half25C","1",0,"2019/11/11","Half","25C","Euplotes",0.24,0.5,25,0.215111379616945,"4"
"308","Half25C","2",0,"2019/11/11","Half","25C","Euplotes",0.24,0.5,25,0.215111379616945,"4"
"309","Half25C","3",0,"2019/11/11","Half","25C","Euplotes",0.24,0.5,25,0.215111379616945,"4"
"310","Half25C","4",0,"2019/11/11","Half","25C","Euplotes",0.24,0.5,25,0.215111379616945,"4"
"311","Half25C","5",0,"2019/11/11","Half","25C","Euplotes",0.24,0.5,25,0.215111379616945,"4"
"312","Half25C","6",0,"2019/11/11","Half","25C","Euplotes",0.24,0.5,25,0.215111379616945,"4"
"313","Full22C","1",1,"2019/11/12","Full","22C","Euplotes",0,1,22,0,"1"
"314","Full22C","2",1,"2019/11/12","Full","22C","Euplotes",0,1,22,0,"1"
"315","Full22C","3",1,"2019/11/12","Full","22C","Euplotes",0,1,22,0,"1"
"316","Full22C","4",1,"2019/11/12","Full","22C","Euplotes",0,1,22,0,"1"
"317","Full22C","5",1,"2019/11/12","Full","22C","Euplotes",0,1,22,0,"1"
"318","Full22C","6",1,"2019/11/12","Full","22C","Euplotes",1.67,1,22,0.982078472412158,"1"
"319","Full25C","1",1,"2019/11/12","Full","25C","Euplotes",0,1,25,0,"2"
"320","Full25C","2",1,"2019/11/12","Full","25C","Euplotes",1.56,1,25,0.940007258491471,"2"
"321","Full25C","3",1,"2019/11/12","Full","25C","Euplotes",1.56,1,25,0.940007258491471,"2"
"322","Full25C","4",1,"2019/11/12","Full","25C","Euplotes",1.57,1,25,0.943905898907129,"2"
"323","Full25C","5",1,"2019/11/12","Full","25C","Euplotes",1.56,1,25,0.940007258491471,"2"
"324","Full25C","6",1,"2019/11/12","Full","25C","Euplotes",39,1,25,3.68887945411394,"2"
"325","Half22C","1",1,"2019/11/12","Half","22C","Euplotes",1.56,0.5,22,0.940007258491471,"3"
"326","Half22C","2",1,"2019/11/12","Half","22C","Euplotes",131,0.5,22,4.88280192258637,"3"
"327","Half22C","3",1,"2019/11/12","Half","22C","Euplotes",0,0.5,22,0,"3"
"328","Half22C","4",1,"2019/11/12","Half","22C","Euplotes",0,0.5,22,0,"3"
"329","Half22C","5",1,"2019/11/12","Half","22C","Euplotes",0,0.5,22,0,"3"
"330","Half22C","6",1,"2019/11/12","Half","22C","Euplotes",1.56,0.5,22,0.940007258491471,"3"
"331","Half25C","1",1,"2019/11/12","Half","25C","Euplotes",1.62,0.5,25,0.963174317773006,"4"
"332","Half25C","2",1,"2019/11/12","Half","25C","Euplotes",0,0.5,25,0,"4"
"333","Half25C","3",1,"2019/11/12","Half","25C","Euplotes",0,0.5,25,0,"4"
"334","Half25C","4",1,"2019/11/12","Half","25C","Euplotes",1.6,0.5,25,0.955511445027436,"4"
"335","Half25C","5",1,"2019/11/12","Half","25C","Euplotes",0,0.5,25,0,"4"
"336","Half25C","6",1,"2019/11/12","Half","25C","Euplotes",0,0.5,25,0,"4"
"337","Full22C","1",2,"2019/11/13","Full","22C","Euplotes",1.55,1,22,0.936093359170335,"1"
"338","Full22C","2",2,"2019/11/13","Full","22C","Euplotes",3.12,1,22,1.41585316336144,"1"
"339","Full22C","3",2,"2019/11/13","Full","22C","Euplotes",1.56,1,22,0.940007258491471,"1"
"340","Full22C","4",2,"2019/11/13","Full","22C","Euplotes",1.56,1,22,0.940007258491471,"1"
"341","Full22C","5",2,"2019/11/13","Full","22C","Euplotes",1.54,1,22,0.932164081030445,"1"
"342","Full22C","6",2,"2019/11/13","Full","22C","Euplotes",0,1,22,0,"1"
"343","Full25C","1",2,"2019/11/13","Full","25C","Euplotes",3.12,1,25,1.41585316336144,"2"
"344","Full25C","2",2,"2019/11/13","Full","25C","Euplotes",3.23,1,25,1.44220199305819,"2"
"345","Full25C","3",2,"2019/11/13","Full","25C","Euplotes",1.56,1,25,0.940007258491471,"2"
"346","Full25C","4",2,"2019/11/13","Full","25C","Euplotes",1.56,1,25,0.940007258491471,"2"
"347","Full25C","5",2,"2019/11/13","Full","25C","Euplotes",3.13,1,25,1.41827740697294,"2"
"348","Full25C","6",2,"2019/11/13","Full","25C","Euplotes",1.56,1,25,0.940007258491471,"2"
"349","Half22C","1",2,"2019/11/13","Half","22C","Euplotes",4,0.5,22,1.6094379124341,"3"
"350","Half22C","2",2,"2019/11/13","Half","22C","Euplotes",1.56,0.5,22,0.940007258491471,"3"
"351","Half22C","3",2,"2019/11/13","Half","22C","Euplotes",1.56,0.5,22,0.940007258491471,"3"
"352","Half22C","4",2,"2019/11/13","Half","22C","Euplotes",1.56,0.5,22,0.940007258491471,"3"
"353","Half22C","5",2,"2019/11/13","Half","22C","Euplotes",0,0.5,22,0,"3"
"354","Half22C","6",2,"2019/11/13","Half","22C","Euplotes",11,0.5,22,2.484906649788,"3"
"355","Half25C","1",2,"2019/11/13","Half","25C","Euplotes",3.12,0.5,25,1.41585316336144,"4"
"356","Half25C","2",2,"2019/11/13","Half","25C","Euplotes",3.12,0.5,25,1.41585316336144,"4"
"357","Half25C","3",2,"2019/11/13","Half","25C","Euplotes",4.68,0.5,25,1.73695123273306,"4"
"358","Half25C","4",2,"2019/11/13","Half","25C","Euplotes",3.12,0.5,25,1.41585316336144,"4"
"359","Half25C","5",2,"2019/11/13","Half","25C","Euplotes",1.56,0.5,25,0.940007258491471,"4"
"360","Half25C","6",2,"2019/11/13","Half","25C","Euplotes",1.56,0.5,25,0.940007258491471,"4"
"361","Full22C","1",3,"2019/11/14","Full","22C","Euplotes",1.54,1,22,0.932164081030445,"1"
"362","Full22C","2",3,"2019/11/14","Full","22C","Euplotes",1.56,1,22,0.940007258491471,"1"
"363","Full22C","3",3,"2019/11/14","Full","22C","Euplotes",1.56,1,22,0.940007258491471,"1"
"364","Full22C","4",3,"2019/11/14","Full","22C","Euplotes",0,1,22,0,"1"
"365","Full22C","5",3,"2019/11/14","Full","22C","Euplotes",3.12,1,22,1.41585316336144,"1"
"366","Full22C","6",3,"2019/11/14","Full","22C","Euplotes",0,1,22,0,"1"
"367","Full25C","1",3,"2019/11/14","Full","25C","Euplotes",0,1,25,0,"2"
"368","Full25C","2",3,"2019/11/14","Full","25C","Euplotes",0,1,25,0,"2"
"369","Full25C","3",3,"2019/11/14","Full","25C","Euplotes",0,1,25,0,"2"
"370","Full25C","4",3,"2019/11/14","Full","25C","Euplotes",1.56,1,25,0.940007258491471,"2"
"371","Full25C","5",3,"2019/11/14","Full","25C","Euplotes",3.12,1,25,1.41585316336144,"2"
"372","Full25C","6",3,"2019/11/14","Full","25C","Euplotes",4.64,1,25,1.72988406550997,"2"
"373","Half22C","1",3,"2019/11/14","Half","22C","Euplotes",3.12,0.5,22,1.41585316336144,"3"
"374","Half22C","2",3,"2019/11/14","Half","22C","Euplotes",1.56,0.5,22,0.940007258491471,"3"
"375","Half22C","3",3,"2019/11/14","Half","22C","Euplotes",4.64,0.5,22,1.72988406550997,"3"
"376","Half22C","4",3,"2019/11/14","Half","22C","Euplotes",1.56,0.5,22,0.940007258491471,"3"
"377","Half22C","5",3,"2019/11/14","Half","22C","Euplotes",1.56,0.5,22,0.940007258491471,"3"
"378","Half22C","6",3,"2019/11/14","Half","22C","Euplotes",0,0.5,22,0,"3"
"379","Half25C","1",3,"2019/11/14","Half","25C","Euplotes",6.24,0.5,25,1.97962120639763,"4"
"380","Half25C","2",3,"2019/11/14","Half","25C","Euplotes",4.64,0.5,25,1.72988406550997,"4"
"381","Half25C","3",3,"2019/11/14","Half","25C","Euplotes",11,0.5,25,2.484906649788,"4"
"382","Half25C","4",3,"2019/11/14","Half","25C","Euplotes",6.26,0.5,25,1.9823798288367,"4"
"383","Half25C","5",3,"2019/11/14","Half","25C","Euplotes",6.26,0.5,25,1.9823798288367,"4"
"384","Half25C","6",3,"2019/11/14","Half","25C","Euplotes",3.13,0.5,25,1.41827740697294,"4"
"385","Full22C","1",4,"2019/11/15","Full","22C","Euplotes",1.56,1,22,0.940007258491471,"1"
"386","Full22C","2",4,"2019/11/15","Full","22C","Euplotes",1.56,1,22,0.940007258491471,"1"
"387","Full22C","3",4,"2019/11/15","Full","22C","Euplotes",6.26,1,22,1.9823798288367,"1"
"388","Full22C","4",4,"2019/11/15","Full","22C","Euplotes",1.54,1,22,0.932164081030445,"1"
"389","Full22C","5",4,"2019/11/15","Full","22C","Euplotes",6.18,1,22,1.97129938306013,"1"
"390","Full22C","6",4,"2019/11/15","Full","22C","Euplotes",7.73,1,22,2.16676536985151,"1"
"391","Full25C","1",4,"2019/11/15","Full","25C","Euplotes",4.46,1,25,1.69744878975681,"2"
"392","Full25C","2",4,"2019/11/15","Full","25C","Euplotes",6.26,1,25,1.9823798288367,"2"
"393","Full25C","3",4,"2019/11/15","Full","25C","Euplotes",3.12,1,25,1.41585316336144,"2"
"394","Full25C","4",4,"2019/11/15","Full","25C","Euplotes",9.4,1,25,2.34180580614733,"2"
"395","Full25C","5",4,"2019/11/15","Full","25C","Euplotes",11,1,25,2.484906649788,"2"
"396","Full25C","6",4,"2019/11/15","Full","25C","Euplotes",22,1,25,3.13549421592915,"2"
"397","Half22C","1",4,"2019/11/15","Half","22C","Euplotes",6.26,0.5,22,1.9823798288367,"3"
"398","Half22C","2",4,"2019/11/15","Half","22C","Euplotes",0,0.5,22,0,"3"
"399","Half22C","3",4,"2019/11/15","Half","22C","Euplotes",4.7,0.5,22,1.7404661748405,"3"
"400","Half22C","4",4,"2019/11/15","Half","22C","Euplotes",4.7,0.5,22,1.7404661748405,"3"
"401","Half22C","5",4,"2019/11/15","Half","22C","Euplotes",4.68,0.5,22,1.73695123273306,"3"
"402","Half22C","6",4,"2019/11/15","Half","22C","Euplotes",6.24,0.5,22,1.97962120639763,"3"
"403","Half25C","1",4,"2019/11/15","Half","25C","Euplotes",22,0.5,25,3.13549421592915,"4"
"404","Half25C","2",4,"2019/11/15","Half","25C","Euplotes",14,0.5,25,2.70805020110221,"4"
"405","Half25C","3",4,"2019/11/15","Half","25C","Euplotes",34,0.5,25,3.55534806148941,"4"
"406","Half25C","4",4,"2019/11/15","Half","25C","Euplotes",28,0.5,25,3.36729582998647,"4"
"407","Half25C","5",4,"2019/11/15","Half","25C","Euplotes",34,0.5,25,3.55534806148941,"4"
"408","Half25C","6",4,"2019/11/15","Half","25C","Euplotes",31,0.5,25,3.46573590279973,"4"
"409","Full22C","1",7,"2019/11/18","Full","22C","Euplotes",31,1,22,3.46573590279973,"1"
"410","Full22C","2",7,"2019/11/18","Full","22C","Euplotes",23,1,22,3.17805383034795,"1"
"411","Full22C","3",7,"2019/11/18","Full","22C","Euplotes",36,1,22,3.61091791264422,"1"
"412","Full22C","4",7,"2019/11/18","Full","22C","Euplotes",30,1,22,3.43398720448515,"1"
"413","Full22C","5",7,"2019/11/18","Full","22C","Euplotes",47,1,22,3.87120101090789,"1"
"414","Full22C","6",7,"2019/11/18","Full","22C","Euplotes",30,1,22,3.43398720448515,"1"
"415","Full25C","1",7,"2019/11/18","Full","25C","Euplotes",186,1,25,5.23110861685459,"2"
"416","Full25C","2",7,"2019/11/18","Full","25C","Euplotes",166,1,25,5.11799381241676,"2"
"417","Full25C","3",7,"2019/11/18","Full","25C","Euplotes",200,1,25,5.30330490805908,"2"
"418","Full25C","4",7,"2019/11/18","Full","25C","Euplotes",255,1,25,5.54517744447956,"2"
"419","Full25C","5",7,"2019/11/18","Full","25C","Euplotes",238,1,25,5.47646355193151,"2"
"420","Full25C","6",7,"2019/11/18","Full","25C","Euplotes",283,1,25,5.64897423816121,"2"
"421","Half22C","1",7,"2019/11/18","Half","22C","Euplotes",94,0.5,22,4.55387689160054,"3"
"422","Half22C","2",7,"2019/11/18","Half","22C","Euplotes",39,0.5,22,3.68887945411394,"3"
"423","Half22C","3",7,"2019/11/18","Half","22C","Euplotes",99,0.5,22,4.60517018598809,"3"
"424","Half22C","4",7,"2019/11/18","Half","22C","Euplotes",102,0.5,22,4.63472898822964,"3"
"425","Half22C","5",7,"2019/11/18","Half","22C","Euplotes",84,0.5,22,4.44265125649032,"3"
"426","Half22C","6",7,"2019/11/18","Half","22C","Euplotes",80,0.5,22,4.39444915467244,"3"
"427","Half25C","1",7,"2019/11/18","Half","25C","Euplotes",227,0.5,25,5.42934562895444,"4"
"428","Half25C","2",7,"2019/11/18","Half","25C","Euplotes",228,0.5,25,5.43372200355424,"4"
"429","Half25C","3",7,"2019/11/18","Half","25C","Euplotes",208,0.5,25,5.34233425196481,"4"
"430","Half25C","4",7,"2019/11/18","Half","25C","Euplotes",219,0.5,25,5.39362754635236,"4"
"431","Half25C","5",7,"2019/11/18","Half","25C","Euplotes",183,0.5,25,5.21493575760899,"4"
"432","Half25C","6",7,"2019/11/18","Half","25C","Euplotes",80,0.5,25,4.39444915467244,"4"
"433","Full22C","1",8,"2019/11/19","Full","22C","Euplotes",125,1,22,4.83628190695148,"1"
"434","Full22C","2",8,"2019/11/19","Full","22C","Euplotes",53,1,22,3.98898404656427,"1"
"435","Full22C","3",8,"2019/11/19","Full","22C","Euplotes",80,1,22,4.39444915467244,"1"
"436","Full22C","4",8,"2019/11/19","Full","22C","Euplotes",88,1,22,4.48863636973214,"1"
"437","Full22C","5",8,"2019/11/19","Full","22C","Euplotes",163,1,22,5.0998664278242,"1"
"438","Full22C","6",8,"2019/11/19","Full","22C","Euplotes",53,1,22,3.98898404656427,"1"
"439","Full25C","1",8,"2019/11/19","Full","25C","Euplotes",358,1,25,5.88332238848828,"2"
"440","Full25C","2",8,"2019/11/19","Full","25C","Euplotes",307,1,25,5.73009978297357,"2"
"441","Full25C","3",8,"2019/11/19","Full","25C","Euplotes",294,1,25,5.68697535633982,"2"
"442","Full25C","4",8,"2019/11/19","Full","25C","Euplotes",333,1,25,5.8111409929767,"2"
"443","Full25C","5",8,"2019/11/19","Full","25C","Euplotes",258,1,25,5.55682806169954,"2"
"444","Full25C","6",8,"2019/11/19","Full","25C","Euplotes",242,1,25,5.49306144334055,"2"
"445","Half22C","1",8,"2019/11/19","Half","22C","Euplotes",169,0.5,22,5.13579843705026,"3"
"446","Half22C","2",8,"2019/11/19","Half","22C","Euplotes",119,0.5,22,4.78749174278205,"3"
"447","Half22C","3",8,"2019/11/19","Half","22C","Euplotes",213,0.5,22,5.36597601502185,"3"
"448","Half22C","4",8,"2019/11/19","Half","22C","Euplotes",178,0.5,22,5.18738580584075,"3"
"449","Half22C","5",8,"2019/11/19","Half","22C","Euplotes",167,0.5,22,5.12396397940326,"3"
"450","Half22C","6",8,"2019/11/19","Half","22C","Euplotes",206,0.5,22,5.33271879326537,"3"
"451","Half25C","1",8,"2019/11/19","Half","25C","Euplotes",264,0.5,25,5.57972982598622,"4"
"452","Half25C","2",8,"2019/11/19","Half","25C","Euplotes",263,0.5,25,5.57594910314632,"4"
"453","Half25C","3",8,"2019/11/19","Half","25C","Euplotes",201,0.5,25,5.30826769740121,"4"
"454","Half25C","4",8,"2019/11/19","Half","25C","Euplotes",208,0.5,25,5.34233425196481,"4"
"455","Half25C","5",8,"2019/11/19","Half","25C","Euplotes",261,0.5,25,5.5683445037611,"4"
"456","Half25C","6",8,"2019/11/19","Half","25C","Euplotes",135,0.5,25,4.91265488573605,"4"
"457","Full22C","1",9,"2019/11/20","Full","22C","Euplotes",136,1,22,4.91998092582813,"1"
"458","Full22C","2",9,"2019/11/20","Full","22C","Euplotes",113,1,22,4.7361984483945,"1"
"459","Full22C","3",9,"2019/11/20","Full","22C","Euplotes",94,1,22,4.55387689160054,"1"
"460","Full22C","4",9,"2019/11/20","Full","22C","Euplotes",160,1,22,5.08140436498446,"1"
"461","Full22C","5",9,"2019/11/20","Full","22C","Euplotes",122,1,22,4.81218435537242,"1"
"462","Full22C","6",9,"2019/11/20","Full","22C","Euplotes",145,1,22,4.98360662170834,"1"
"463","Full25C","1",9,"2019/11/20","Full","25C","Euplotes",333,1,25,5.8111409929767,"2"
"464","Full25C","2",9,"2019/11/20","Full","25C","Euplotes",313,1,25,5.74939298590825,"2"
"465","Full25C","3",9,"2019/11/20","Full","25C","Euplotes",229,1,25,5.4380793089232,"2"
"466","Full25C","4",9,"2019/11/20","Full","25C","Euplotes",315,1,25,5.75574221358691,"2"
"467","Full25C","5",9,"2019/11/20","Full","25C","Euplotes",249,1,25,5.52146091786225,"2"
"468","Full25C","6",9,"2019/11/20","Full","25C","Euplotes",271,1,25,5.605802066296,"2"
"469","Half22C","1",9,"2019/11/20","Half","22C","Euplotes",145,0.5,22,4.98360662170834,"3"
"470","Half22C","2",9,"2019/11/20","Half","22C","Euplotes",130,0.5,22,4.87519732320115,"3"
"471","Half22C","3",9,"2019/11/20","Half","22C","Euplotes",194,0.5,22,5.27299955856375,"3"
"472","Half22C","4",9,"2019/11/20","Half","22C","Euplotes",114,0.5,22,4.74493212836325,"3"
"473","Half22C","5",9,"2019/11/20","Half","22C","Euplotes",231,0.5,22,5.44673737166631,"3"
"474","Half22C","6",9,"2019/11/20","Half","22C","Euplotes",177,0.5,22,5.18178355029209,"3"
"475","Half25C","1",9,"2019/11/20","Half","25C","Euplotes",220,0.5,25,5.39816270151775,"4"
"476","Half25C","2",9,"2019/11/20","Half","25C","Euplotes",260,0.5,25,5.56452040732269,"4"
"477","Half25C","3",9,"2019/11/20","Half","25C","Euplotes",244,0.5,25,5.50125821054473,"4"
"478","Half25C","4",9,"2019/11/20","Half","25C","Euplotes",258,0.5,25,5.55682806169954,"4"
"479","Half25C","5",9,"2019/11/20","Half","25C","Euplotes",228,0.5,25,5.43372200355424,"4"
"480","Half25C","6",9,"2019/11/20","Half","25C","Euplotes",186,0.5,25,5.23110861685459,"4"
"481","Full22C","1",10,"2019/11/21","Full","22C","Euplotes",246,1,22,5.50938833662798,"1"
"482","Full22C","2",10,"2019/11/21","Full","22C","Euplotes",203,1,22,5.31811999384422,"1"
"483","Full22C","3",10,"2019/11/21","Full","22C","Euplotes",276,1,22,5.62401750618734,"1"
"484","Full22C","4",10,"2019/11/21","Full","22C","Euplotes",217,1,22,5.38449506278909,"1"
"485","Full22C","5",10,"2019/11/21","Full","22C","Euplotes",130,1,22,4.87519732320115,"1"
"486","Full22C","6",10,"2019/11/21","Full","22C","Euplotes",303,1,22,5.71702770140622,"1"
"487","Full25C","1",10,"2019/11/21","Full","25C","Euplotes",310,1,25,5.73979291217923,"2"
"488","Full25C","2",10,"2019/11/21","Full","25C","Euplotes",291,1,25,5.67675380226828,"2"
"489","Full25C","3",10,"2019/11/21","Full","25C","Euplotes",249,1,25,5.52146091786225,"2"
"490","Full25C","4",10,"2019/11/21","Full","25C","Euplotes",238,1,25,5.47646355193151,"2"
"491","Full25C","5",10,"2019/11/21","Full","25C","Euplotes",185,1,25,5.2257466737132,"2"
"492","Full25C","6",10,"2019/11/21","Full","25C","Euplotes",192,1,25,5.26269018890489,"2"
"493","Half22C","1",10,"2019/11/21","Half","22C","Euplotes",171,0.5,22,5.14749447681345,"3"
"494","Half22C","2",10,"2019/11/21","Half","22C","Euplotes",128,0.5,22,4.85981240436167,"3"
"495","Half22C","3",10,"2019/11/21","Half","22C","Euplotes",164,0.5,22,5.10594547390058,"3"
"496","Half22C","4",10,"2019/11/21","Half","22C","Euplotes",302,0.5,22,5.71373280550937,"3"
"497","Half22C","5",10,"2019/11/21","Half","22C","Euplotes",236,0.5,22,5.46806014113513,"3"
"498","Half22C","6",10,"2019/11/21","Half","22C","Euplotes",188,0.5,22,5.24174701505964,"3"
"499","Half25C","1",10,"2019/11/21","Half","25C","Euplotes",241,0.5,25,5.48893772615669,"4"
"500","Half25C","2",10,"2019/11/21","Half","25C","Euplotes",261,0.5,25,5.5683445037611,"4"
"501","Half25C","3",10,"2019/11/21","Half","25C","Euplotes",224,0.5,25,5.41610040220442,"4"
"502","Half25C","4",10,"2019/11/21","Half","25C","Euplotes",195,0.5,25,5.27811465923052,"4"
"503","Half25C","5",10,"2019/11/21","Half","25C","Euplotes",181,0.5,25,5.2040066870768,"4"
"504","Half25C","6",10,"2019/11/21","Half","25C","Euplotes",130,0.5,25,4.87519732320115,"4"
"505","Full22C","1",11,"2019/11/22","Full","22C","Euplotes",169,1,22,5.13579843705026,"1"
"506","Full22C","2",11,"2019/11/22","Full","22C","Euplotes",180,1,22,5.19849703126583,"1"
"507","Full22C","3",11,"2019/11/22","Full","22C","Euplotes",141,1,22,4.95582705760126,"1"
"508","Full22C","4",11,"2019/11/22","Full","22C","Euplotes",196,1,22,5.28320372873799,"1"
"509","Full22C","5",11,"2019/11/22","Full","22C","Euplotes",172,1,22,5.15329159449778,"1"
"510","Full22C","6",11,"2019/11/22","Full","22C","Euplotes",202,1,22,5.31320597904179,"1"
"511","Full25C","1",11,"2019/11/22","Full","25C","Euplotes",263,1,25,5.57594910314632,"2"
"512","Full25C","2",11,"2019/11/22","Full","25C","Euplotes",323,1,25,5.78074351579233,"2"
"513","Full25C","3",11,"2019/11/22","Full","25C","Euplotes",148,1,25,5.00394630594546,"2"
"514","Full25C","4",11,"2019/11/22","Full","25C","Euplotes",189,1,25,5.24702407216049,"2"
"515","Full25C","5",11,"2019/11/22","Full","25C","Euplotes",183,1,25,5.21493575760899,"2"
"516","Full25C","6",11,"2019/11/22","Full","25C","Euplotes",180,1,25,5.19849703126583,"2"
"517","Half22C","1",11,"2019/11/22","Half","22C","Euplotes",184,0.5,22,5.22035582507832,"3"
"518","Half22C","2",11,"2019/11/22","Half","22C","Euplotes",135,0.5,22,4.91265488573605,"3"
"519","Half22C","3",11,"2019/11/22","Half","22C","Euplotes",159,0.5,22,5.07517381523383,"3"
"520","Half22C","4",11,"2019/11/22","Half","22C","Euplotes",134,0.5,22,4.90527477843843,"3"
"521","Half22C","5",11,"2019/11/22","Half","22C","Euplotes",158,0.5,22,5.06890420222023,"3"
"522","Half22C","6",11,"2019/11/22","Half","22C","Euplotes",144,0.5,22,4.97673374242057,"3"
"523","Half25C","1",11,"2019/11/22","Half","25C","Euplotes",228,0.5,25,5.43372200355424,"4"
"524","Half25C","2",11,"2019/11/22","Half","25C","Euplotes",229,0.5,25,5.4380793089232,"4"
"525","Half25C","3",11,"2019/11/22","Half","25C","Euplotes",153,0.5,25,5.03695260241363,"4"
"526","Half25C","4",11,"2019/11/22","Half","25C","Euplotes",149,0.5,25,5.01063529409626,"4"
"527","Half25C","5",11,"2019/11/22","Half","25C","Euplotes",103,0.5,25,4.64439089914137,"4"
"528","Half25C","6",11,"2019/11/22","Half","25C","Euplotes",125,0.5,25,4.83628190695148,"4"
"529","Full22C","1",14,"2019/11/25","Full","22C","Euplotes",227,1,22,5.42934562895444,"1"
"530","Full22C","2",14,"2019/11/25","Full","22C","Euplotes",250,1,22,5.52545293913178,"1"
"531","Full22C","3",14,"2019/11/25","Full","22C","Euplotes",257,1,22,5.55295958492162,"1"
"532","Full22C","4",14,"2019/11/25","Full","22C","Euplotes",284,1,22,5.65248918026865,"1"
"533","Full22C","5",14,"2019/11/25","Full","22C","Euplotes",270,1,22,5.6021188208797,"1"
"534","Full22C","6",14,"2019/11/25","Full","22C","Euplotes",233,1,22,5.4553211153577,"1"
"535","Full25C","1",14,"2019/11/25","Full","25C","Euplotes",261,1,25,5.5683445037611,"2"
"536","Full25C","2",14,"2019/11/25","Full","25C","Euplotes",280,1,25,5.63835466933375,"2"
"537","Full25C","3",14,"2019/11/25","Full","25C","Euplotes",309,1,25,5.73657229747919,"2"
"538","Full25C","4",14,"2019/11/25","Full","25C","Euplotes",285,1,25,5.65599181081985,"2"
"539","Full25C","5",14,"2019/11/25","Full","25C","Euplotes",186,1,25,5.23110861685459,"2"
"540","Full25C","6",14,"2019/11/25","Full","25C","Euplotes",226,1,25,5.4249500174814,"2"
"541","Half22C","1",14,"2019/11/25","Half","22C","Euplotes",137,0.5,22,4.92725368515721,"3"
"542","Half22C","2",14,"2019/11/25","Half","22C","Euplotes",193,0.5,22,5.26785815906333,"3"
"543","Half22C","3",14,"2019/11/25","Half","22C","Euplotes",180,0.5,22,5.19849703126583,"3"
"544","Half22C","4",14,"2019/11/25","Half","22C","Euplotes",153,0.5,22,5.03695260241363,"3"
"545","Half22C","5",14,"2019/11/25","Half","22C","Euplotes",189,0.5,22,5.24702407216049,"3"
"546","Half22C","6",14,"2019/11/25","Half","22C","Euplotes",174,0.5,22,5.16478597392351,"3"
"547","Half25C","1",14,"2019/11/25","Half","25C","Euplotes",194,0.5,25,5.27299955856375,"4"
"548","Half25C","2",14,"2019/11/25","Half","25C","Euplotes",196,0.5,25,5.28320372873799,"4"
"549","Half25C","3",14,"2019/11/25","Half","25C","Euplotes",183,0.5,25,5.21493575760899,"4"
"550","Half25C","4",14,"2019/11/25","Half","25C","Euplotes",142,0.5,25,4.96284463025991,"4"
"551","Half25C","5",14,"2019/11/25","Half","25C","Euplotes",161,0.5,25,5.08759633523238,"4"
"552","Half25C","6",14,"2019/11/25","Half","25C","Euplotes",149,0.5,25,5.01063529409626,"4"
"553","Full22C","1",15,"2019/11/26","Full","22C","Euplotes",125,1,22,4.83628190695148,"1"
"554","Full22C","2",15,"2019/11/26","Full","22C","Euplotes",156,1,22,5.05624580534831,"1"
"555","Full22C","3",15,"2019/11/26","Full","22C","Euplotes",158,1,22,5.06890420222023,"1"
"556","Full22C","4",15,"2019/11/26","Full","22C","Euplotes",161,1,22,5.08759633523238,"1"
"557","Full22C","5",15,"2019/11/26","Full","22C","Euplotes",158,1,22,5.06890420222023,"1"
"558","Full22C","6",15,"2019/11/26","Full","22C","Euplotes",100,1,22,4.61512051684126,"1"
"559","Full25C","1",15,"2019/11/26","Full","25C","Euplotes",191,1,25,5.25749537202778,"2"
"560","Full25C","2",15,"2019/11/26","Full","25C","Euplotes",117,1,25,4.77068462446567,"2"
"561","Full25C","3",15,"2019/11/26","Full","25C","Euplotes",153,1,25,5.03695260241363,"2"
"562","Full25C","4",15,"2019/11/26","Full","25C","Euplotes",181,1,25,5.2040066870768,"2"
"563","Full25C","5",15,"2019/11/26","Full","25C","Euplotes",142,1,25,4.96284463025991,"2"
"564","Full25C","6",15,"2019/11/26","Full","25C","Euplotes",173,1,25,5.15905529921453,"2"
"565","Half22C","1",15,"2019/11/26","Half","22C","Euplotes",38,0.5,22,3.66356164612965,"3"
"566","Half22C","2",15,"2019/11/26","Half","22C","Euplotes",88,0.5,22,4.48863636973214,"3"
"567","Half22C","3",15,"2019/11/26","Half","22C","Euplotes",89,0.5,22,4.49980967033027,"3"
"568","Half22C","4",15,"2019/11/26","Half","22C","Euplotes",116,0.5,22,4.76217393479776,"3"
"569","Half22C","5",15,"2019/11/26","Half","22C","Euplotes",130,0.5,22,4.87519732320115,"3"
"570","Half22C","6",15,"2019/11/26","Half","22C","Euplotes",78,0.5,22,4.36944785246702,"3"
"571","Half25C","1",15,"2019/11/26","Half","25C","Euplotes",177,0.5,25,5.18178355029209,"4"
"572","Half25C","2",15,"2019/11/26","Half","25C","Euplotes",222,0.5,25,5.40717177146012,"4"
"573","Half25C","3",15,"2019/11/26","Half","25C","Euplotes",156,0.5,25,5.05624580534831,"4"
"574","Half25C","4",15,"2019/11/26","Half","25C","Euplotes",149,0.5,25,5.01063529409626,"4"
"575","Half25C","5",15,"2019/11/26","Half","25C","Euplotes",73,0.5,25,4.30406509320417,"4"
"576","Half25C","6",15,"2019/11/26","Half","25C","Euplotes",108,0.5,25,4.69134788222914,"4"
